<?xml version="1.0" encoding="utf-8"?>
<project>
  <set name="windowwidth" value="768" />
  <set name="windowheight" value="480" />
  
	<meta 
    title="New Project" 
    package="com.yournamehere.newproject" 
    version="1.0.0" 
    company="Your name here" 
  />
  
  <app swf-version="17.0" if="flash"/>
	<app 
      main="haxegon.Load"
      path="bin" 
      file="newproject" 
   />

	<window
      width="${windowwidth}" height="${windowheight}" unless="mobile" 
   ></window>
   
	<window
      fps="60"
      background="0x000000"
      orientation="landscape"
      hardware="true"
      vsync="true"
   ></window>
   
	<window
      antialiasing="0" 
      if="cpp"
   ></window>
   
	<source path="src" />
	<haxelib name="haxegon" />
	<haxelib name="openfl" />
	<haxedef name="windowwidth" value="${windowwidth}" />
  <haxedef name="windowheight" value="${windowheight}" />
	
	<assets path="data/sounds/mp3" rename="data/sounds" if="flash"/> 
	<assets path="data/sounds/ogg" rename="data/sounds" unless="flash"/> 
	<assets path="data/text"/>
	
	<assets path="data" exclude="*.svg|*.mp3|*.ogg|*.wav|*.txt"/>
	
	<icon path="data/graphics/icon/play.svg"/>
</project>